Symbol,Sector,Industry,Total ESG Risk score,Environment Risk Score,Social Risk Score,Governance Risk Score,Controversy Score
A,Healthcare,Diagnostics & Research,-1.2514560387552702,-0.9405389532790644,-0.7858061624543765,-0.24610806958635614,0.020958553524426653
AAL,Industrials,Airlines,0.8397553786844122,0.9792891493572958,0.7988312528719159,-0.9165368117463997,0.020958553524426653
AAPL,Technology,Consumer Electronics,-0.6633028276003596,-1.071436323913362,-0.481068197968551,1.4557495066660628,1.5060217746837963
ABBV,Healthcare,Drug Manufacturers - General,1.4115710006405753,-0.6569279835714205,2.5053638539925385,1.9714639237122502,1.5060217746837963
ABNB,Consumer Cyclical,Travel Services,-0.034305643448579864,-0.2969602143271029,-0.023961251239812752,-0.24610806958635614,0.020958553524426653
ABT,Healthcare,Medical Devices,0.5783539515044521,-0.6787442120104701,1.591149960535062,0.8884636479152568,1.5060217746837963
ACGL,Financial Services,Insurance - Diversified,0.20258939993325906,-0.8532740395228664,0.3417243061431776,2.229321132235344,0.020958553524426653
ACN,Technology,Information Technology Services,-1.8722844283076758,-1.0059876385962132,-1.3343344985288625,-1.1228225785648744,0.020958553524426653
ADBE,Technology,Software - Infrastructure,-1.3331439847490079,-0.7660091257666682,-0.9077013482487069,-0.7102510449279246,0.020958553524426653
ADI,Technology,Semiconductors,0.26793975672824893,0.8483917787229986,-0.6943847731086289,0.21803490575521275,-1.464104667634943
ADM,Consumer Defensive,Farm Products,1.7219851954167786,2.440976454773616,0.3417243061431776,-0.8133939283371622,1.5060217746837963
ADP,Industrials,Staffing & Employment Services,-1.2187808603577752,-0.5696630698152223,-1.0600703304916197,-0.5555367198140684,-1.464104667634943
ADSK,Technology,Software - Application,-0.7286531843953495,-0.37331701386377625,-0.23727782637989092,-0.8649653700417808,0.020958553524426653
AEE,Utilities,Utilities - Regulated Electric,0.9704560922743924,1.6337760025287824,0.03698634165735213,-0.658679603223306,0.020958553524426653
AEP,Utilities,Utilities - Regulated Electric,0.79074261108817,1.590143545650683,-0.26775162282847337,-0.607108161518687,0.020958553524426653
AES,Utilities,Utilities - Diversified,0.8887681462806548,1.7210409162849807,-0.23727782637989092,-0.658679603223306,0.020958553524426653
AFL,Financial Services,Insurance - Life,-0.4835893464141367,-1.115068780791461,0.03698634165735213,1.1978922981429692,-1.464104667634943
AIG,Financial Services,Insurance - Diversified,0.4803284163119668,-0.8314578110838169,0.21982912034884733,3.260749966327719,0.020958553524426653
AIZ,Financial Services,Insurance - Specialty,0.46399082711321965,-0.8314578110838169,0.5550408812832558,2.641892665872293,0.020958553524426653
AJG,Financial Services,Insurance Brokers,-0.009799259650458816,-1.1587012376695602,0.5855146777318383,1.8167495985983937,0.020958553524426653
AKAM,Technology,Software - Infrastructure,-0.6959780059978545,-0.5260306129371232,-0.5724895873142989,0.1664634640505942,-1.464104667634943
ALB,Basic Materials,Specialty Chemicals,0.8724305570819076,2.179181713505021,-1.2733869056316975,-0.14296518617711856,0.020958553524426653
ALGN,Healthcare,Medical Devices,-0.034305643448579864,-0.2969602143271029,-0.023961251239812752,-0.24610806958635614,0.020958553524426653
ALL,Financial Services,Insurance - Property & Casualty,0.12090145393952147,-0.9623551817181142,0.3417243061431776,2.229321132235344,0.020958553524426653
ALLE,Industrials,Security & Protection Services,0.08822627554202654,1.1974514337477913,-0.968648941145872,-0.8133939283371622,0.020958553524426653
AMAT,Technology,Semiconductor Equipment & Materials,-1.398494341543998,-0.1987871863513799,-1.8219152417061835,-0.658679603223306,-1.464104667634943
AMCR,Consumer Cyclical,Packaging & Containers,-0.034305643448579864,-0.2969602143271029,-0.023961251239812752,-0.24610806958635614,0.020958553524426653
AMD,Technology,Semiconductors,-0.034305643448579864,-0.2969602143271029,-0.023961251239812752,-0.24610806958635614,0.020958553524426653
AME,Industrials,Specialty Industrial Machinery,0.43131564871572414,0.6956781796496516,-0.14585643703414305,0.06332058064135661,-1.464104667634943
AMGN,Healthcare,Drug Manufacturers - General,0.12090145393952147,-1.0278038670352627,1.3778333853949845,0.6306064393921627,1.5060217746837963
AMP,Financial Services,Asset Management,-0.15683756243918626,-0.7223766688885691,-0.359173012174221,1.9198924820076317,0.020958553524426653
AMT,Real Estate,REIT - Specialty,-1.6925709471214532,-0.5478468413761728,-1.8828628346033485,-0.7102510449279246,-1.464104667634943
AMZN,Consumer Cyclical,Internet Retail,1.5259341250318084,0.12845624023436333,1.956835517918053,1.3526066232568248,1.5060217746837963
ANET,Technology,Computer Hardware,-0.7449907735940973,-1.0932525523524115,-0.023961251239812752,0.4243206725736879,-1.464104667634943
ANSS,Technology,Software - Application,-0.8756914871840772,-0.41694947074187544,-0.5115419944171338,-0.7618224866325436,0.020958553524426653
AON,Financial Services,Insurance Brokers,-0.034305643448579864,-0.2969602143271029,-0.023961251239812752,-0.24610806958635614,0.020958553524426653
AOS,Industrials,Specialty Industrial Machinery,0.6763794866969369,0.390250981502958,0.8902526422176638,-0.09139374447249954,-1.464104667634943
APA,Energy,Oil & Gas E&P,2.8656164393291044,3.6190527904822916,-0.023961251239812752,0.7337493228014002,0.020958553524426653
APD,Basic Materials,Specialty Chemicals,-1.463844698338988,0.43388343838105714,-2.2790221884349218,-1.690108437315681,-1.464104667634943
APH,Technology,Electronic Components,-0.2712006868304188,0.41206720994200746,-1.3343344985288625,0.527463555982925,0.020958553524426653
APTV,Consumer Cyclical,Auto Parts,-1.7252461255189484,-0.8532740395228664,-1.5476510736689404,-0.658679603223306,-1.464104667634943
ARE,Real Estate,REIT - Office,-1.2024432711590276,-0.3296845569856772,-1.6085986665661054,-0.14296518617711856,0.020958553524426653
ATO,Utilities,Utilities - Regulated Gas,2.1794376929817094,2.048284342870724,1.347359588946402,-0.09139374447249954,0.020958553524426653
AVB,Real Estate,REIT - Residential,-1.8722844283076758,-0.5260306129371232,-2.126653206192009,-0.9165368117463997,-1.464104667634943
AVGO,Technology,Semiconductors,-0.20585033003542894,0.41206720994200746,-0.9077013482487069,0.011749138936737588,1.5060217746837963
AVY,Consumer Cyclical,Packaging & Containers,-0.8430163087865821,1.306532575943039,-2.461864967126417,-1.4838226704972057,-1.464104667634943
AWK,Utilities,Utilities - Regulated Water,0.055551097144531617,0.7829430934058499,-0.42012060507138616,-0.8133939283371622,-1.464104667634943
AXON,Industrials,Aerospace & Defense,-0.034305643448579864,-0.2969602143271029,-0.023961251239812752,-0.24610806958635614,0.020958553524426653
AXP,Financial Services,Credit Services,-0.434576578817894,-1.1587012376695602,-0.023961251239812752,1.6104638317799185,0.020958553524426653
AZO,Consumer Cyclical,Specialty Retail,-1.6762333579227058,-1.1587012376695602,-0.5724895873142989,-1.4322512287925873,0.020958553524426653
BAC,Financial Services,Banks - Diversified,1.1501695734606154,-0.8096415826447673,1.8654141285723052,2.5387497824630563,1.5060217746837963
BALL,Consumer Cyclical,Packaging & Containers,-1.4965198767364831,0.47751589525915605,-2.4923387635749994,-1.4838226704972057,0.020958553524426653
BAX,Healthcare,Medical Instruments & Supplies,0.382302881119482,-0.5696630698152223,1.4083071818435668,0.2696063474598313,1.5060217746837963
BBWI,Consumer Cyclical,Specialty Retail,1.1501695734606154,1.4810624034554354,0.40267189904034306,-0.3492509529955933,0.020958553524426653
BBY,Consumer Cyclical,Specialty Retail,-0.8756914871840772,-0.6569279835714205,0.03698634165735213,-1.1228225785648744,0.020958553524426653
BDX,Healthcare,Medical Instruments & Supplies,0.41497805951697697,-0.5260306129371232,1.4083071818435668,0.2696063474598313,1.5060217746837963
BEN,Financial Services,Asset Management,-0.4835893464141367,-0.9405389532790644,0.2807767132460128,0.3727492308690689,0.020958553524426653
BF.B,Technology,Utilities - Regulated Electric,-0.034305643448579864,-0.2969602143271029,-0.023961251239812752,-0.24610806958635614,0.020958553524426653
BG,Consumer Defensive,Farm Products,1.901698676603001,1.9610194291145255,1.3168857924978197,-0.658679603223306,1.5060217746837963
BIIB,Healthcare,Drug Manufacturers - General,0.15357663233701638,-1.0932525523524115,1.68257134988081,0.4243206725736879,1.5060217746837963
BIO,Healthcare,Medical Devices,-0.6306276492028647,-0.918722724840015,0.06746013810593457,0.21803490575521275,-1.464104667634943
BK,Financial Services,Asset Management,-0.058812027246701495,-0.9405389532790644,0.2807767132460128,1.7136067151891565,0.020958553524426653
BKNG,Consumer Cyclical,Travel Services,-0.3365510436254092,-0.9623551817181142,0.3417243061431776,0.7853207645060187,1.5060217746837963
BKR,Energy,Oil & Gas Equipment & Services,-0.034305643448579864,-0.2969602143271029,-0.023961251239812752,-0.24610806958635614,0.020958553524426653
BLDR,Industrials,Building Products & Equipment,-0.034305643448579864,-0.2969602143271029,-0.023961251239812752,-0.24610806958635614,0.020958553524426653
BLK,Financial Services,Asset Management,-0.4835893464141367,-0.9841714101571636,-0.481068197968551,1.765178156893775,0.020958553524426653
BMY,Healthcare,Drug Manufacturers - General,0.23526457833075398,-0.8969064964009655,1.6520975534322275,0.2696063474598313,0.020958553524426653
BR,Technology,Information Technology Services,-0.7613283627928444,-0.2642358716685285,-0.45059440151996855,-0.8649653700417808,0.020958553524426653
BRO,Financial Services,Insurance Brokers,-0.12416238404169135,-1.1587012376695602,0.25030291679743033,2.074606807121487,-1.464104667634943
BSX,Healthcare,Medical Devices,0.30061493512574444,-0.6569279835714205,0.8902526422176638,1.1978922981429692,0.020958553524426653
BWA,Consumer Cyclical,Auto Parts,-1.4148319307427455,-0.5914792982542718,-1.4562296843231928,-0.45239383640483083,0.020958553524426653
BX,Financial Services,Asset Management,0.3496277027219865,-0.635111755132371,0.18935532390026488,2.4356068990538193,0.020958553524426653
BXP,Real Estate,REIT - Office,-1.431169519941493,-0.635111755132371,-1.3648082949774452,-0.607108161518687,-1.464104667634943
C,Financial Services,Banks - Diversified,1.2972078762493429,-0.7878253542057178,1.4692547747407323,3.6733214999646684,2.991084995843166
CAG,Consumer Defensive,Packaged Foods,1.5586093034293034,1.153818976869692,1.956835517918053,-0.9681082534510183,0.020958553524426653
CAH,Healthcare,Medical Distribution,-1.0390673791715523,-0.918722724840015,-0.5115419944171338,-0.09139374447249954,1.5060217746837963
CARR,Industrials,Building Products & Equipment,-0.034305643448579864,-0.2969602143271029,-0.023961251239812752,-0.24610806958635614,0.020958553524426653
CAT,Industrials,Farm & Heavy Construction Machinery,2.44083912016167,1.0883702915525437,2.6577328362354513,0.7853207645060187,2.991084995843166
CB,Financial Services,Insurance - Property & Casualty,0.382302881119482,-0.8532740395228664,0.7683574564233334,2.074606807121487,0.020958553524426653
CBOE,Financial Services,Financial Data & Stock Exchanges,-0.04247443804795374,-0.5914792982542718,-0.42012060507138616,2.074606807121487,-1.464104667634943
CBRE,Real Estate,Real Estate Services,-2.1663610338851313,-0.8532740395228664,-2.1571270026405913,-1.0196796951556373,-1.464104667634943
CCI,Real Estate,REIT - Specialty,-1.8232716607114337,-0.2860521001075782,-2.2180745955377565,-1.1743940202694934,0.020958553524426653
CCL,Consumer Cyclical,Travel Services,0.5293411839082095,0.8702080071620482,0.3417243061431776,-0.8133939283371622,1.5060217746837963
CDNS,Technology,Software - Application,-1.5128574659352305,-0.6787442120104701,-1.2429131091831147,-0.9165368117463997,0.020958553524426653
CDW,Technology,Information Technology Services,-1.9703099635001613,-0.635111755132371,-1.7609676488090182,-1.5869655539064433,0.020958553524426653
CE,Basic Materials,Chemicals,0.79074261108817,2.0264681144316743,-0.9381751446972892,-0.5039652781094499,0.020958553524426653
CEG,Utilities,Utilities - Renewable,-0.034305643448579864,-0.2969602143271029,-0.023961251239812752,-0.24610806958635614,0.020958553524426653
CF,Basic Materials,Agricultural Inputs,1.3135454654480905,2.3537115410174176,-0.38964680862280343,-0.607108161518687,-1.464104667634943
CFG,Financial Services,Banks - Regional,0.3659652919207343,-0.7441928973276186,0.3417243061431776,2.4871783407584376,0.020958553524426653
CHD,Consumer Defensive,Household & Personal Products,-0.2221879192341767,0.32480229618580936,-0.8162799589029592,0.06332058064135661,-1.464104667634943
CHRW,Industrials,Integrated Freight & Logistics,-0.3202134544266615,-0.15515472947328077,0.09793393455451756,-0.658679603223306,-1.464104667634943
CHTR,Communication Services,Telecom Services,0.5620163623057044,0.15027246867341282,0.5245670848346728,0.6821778810967817,0.020958553524426653
CI,Healthcare,Healthcare Plans,-1.5782078227302208,-1.1805174661086097,-0.9077013482487069,-0.45239383640483083,0.020958553524426653
CINF,Financial Services,Insurance - Property & Casualty,0.7090546650944325,-0.7878253542057178,0.6159884741804207,3.260749966327719,-1.464104667634943
CL,Consumer Defensive,Household & Personal Products,0.8070802002869172,0.6302294943325032,0.7074098635261685,-0.03982230276788097,0.020958553524426653
CLX,Consumer Defensive,Household & Personal Products,0.055551097144531617,0.49933212369820573,-0.11538264058556062,-0.658679603223306,0.020958553524426653
CMA,Financial Services,Banks - Regional,0.643704308299442,-0.635111755132371,0.6159884741804207,2.641892665872293,0.020958553524426653
CMCSA,Communication Services,Telecom Services,0.30061493512574444,-0.30786832854662766,0.5855146777318383,0.8368922062106373,0.020958553524426653
CME,Financial Services,Financial Data & Stock Exchanges,-0.5652772924078743,-0.7223766688885691,-0.7553323660057941,1.3526066232568248,-1.464104667634943
CMG,Consumer Cyclical,Restaurants,-0.09148720564419642,0.3029860677467597,0.18935532390026488,-1.1743940202694934,0.020958553524426653
CMI,Industrials,Specialty Industrial Machinery,-0.3202134544266615,0.04119132647816506,-0.38964680862280343,-0.3492509529955933,0.020958553524426653
CMS,Utilities,Utilities - Regulated Electric,0.07188868634327879,0.9138404640401471,-0.6639109766600465,-0.7102510449279246,0.020958553524426653
CNC,Healthcare,Healthcare Plans,-0.2221879192341767,-1.1587012376695602,1.3168857924978197,-0.03982230276788097,0.020958553524426653
CNP,Utilities,Utilities - Regulated Electric,1.2155199302556052,1.6337760025287824,0.5245670848346728,-0.7618224866325436,0.020958553524426653
COF,Financial Services,Credit Services,0.20258939993325906,-1.1587012376695602,1.012147828011994,1.8167495985983937,1.5060217746837963
COO,Healthcare,Medical Instruments & Supplies,-0.614290060004117,-0.5914792982542718,-0.054435047688395195,-0.2976795112909747,0.020958553524426653
COP,Energy,Oil & Gas E&P,2.065074568590476,2.6591387391641117,-0.26775162282847337,0.8884636479152568,0.020958553524426653
COR,Healthcare,Medical Distribution,-1.3821567523452503,-0.8314578110838169,-1.0600703304916197,-0.45239383640483083,1.5060217746837963
COST,Consumer Defensive,Discount Stores,0.33329011352323934,0.2375373824296111,0.6769360670775856,-0.5039652781094499,1.5060217746837963
CPAY,Technology,Software - Infrastructure,-0.034305643448579864,-0.2969602143271029,-0.023961251239812752,-0.24610806958635614,0.020958553524426653
CPB,Consumer Defensive,Packaged Foods,0.3659652919207343,1.1974514337477913,-0.26775162282847337,-1.071251136860256,0.020958553524426653
CPRT,Industrials,Specialty Business Services,-0.8593538979853298,-0.8532740395228664,0.00651254520876969,-0.5039652781094499,-1.464104667634943
CPT,Real Estate,REIT - Residential,-0.8430163087865821,-0.30786832854662766,-1.5476510736689404,0.8368922062106373,-1.464104667634943
CRL,Healthcare,Diagnostics & Research,-0.034305643448579864,-0.2969602143271029,-0.023961251239812752,-0.24610806958635614,0.020958553524426653
CRM,Technology,Software - Application,-1.0390673791715523,-0.7441928973276186,-0.45059440151996855,-0.607108161518687,-1.464104667634943
CSCO,Technology,Communication Equipment,-1.2024432711590276,-1.0932525523524115,-0.6334371802114638,-0.03982230276788097,0.020958553524426653
CSGP,Real Estate,Real Estate Services,0.10456386474077371,-0.11152227259518163,0.09793393455451756,0.5790349976875441,-1.464104667634943
CSX,Industrials,Railroads,0.10456386474077371,0.3466185246248588,0.3112505096945952,-0.9165368117463997,0.020958553524426653
CTAS,Industrials,Specialty Business Services,-0.5162645248116317,-0.5260306129371232,0.06746013810593457,-0.3492509529955933,0.020958553524426653
CTLT,Healthcare,Drug Manufacturers - Specialty & Generic,-0.034305643448579864,-0.2969602143271029,-0.023961251239812752,-0.24610806958635614,0.020958553524426653
CTRA,Energy,Oil & Gas E&P,2.4245015309629223,3.248176907018449,-0.20680402993130795,0.47589211427830647,0.020958553524426653
CTSH,Technology,Information Technology Services,-1.0717425575690476,-0.9405389532790644,-0.42012060507138616,-0.3492509529955933,0.020958553524426653
CTVA,Basic Materials,Agricultural Inputs,-0.034305643448579864,-0.2969602143271029,-0.023961251239812752,-0.24610806958635614,0.020958553524426653
CVS,Healthcare,Healthcare Plans,0.12090145393952147,-1.1805174661086097,2.078730703712383,-0.19453662788173712,1.5060217746837963
CVX,Energy,Oil & Gas Integrated,2.5061894769566595,2.528241368529814,0.06746013810593457,1.9714639237122502,1.5060217746837963
CZR,Consumer Cyclical,Resorts & Casinos,-0.034305643448579864,-0.2969602143271029,-0.023961251239812752,-0.24610806958635614,0.020958553524426653
D,Utilities,Utilities - Regulated Electric,0.8397553786844122,1.4156137181382868,-0.054435047688395195,-0.5039652781094499,0.020958553524426653
DAL,Industrials,Airlines,1.4769213574355657,0.9792891493572958,1.7130451463293925,-0.4008223947002123,0.020958553524426653
DAY,Technology,Software - Application,-0.034305643448579864,-0.2969602143271029,-0.023961251239812752,-0.24610806958635614,0.020958553524426653
DD,Basic Materials,Specialty Chemicals,1.199182341056858,2.0264681144316743,-0.2982254192770558,-0.3492509529955933,1.5060217746837963
DE,Industrials,Farm & Heavy Construction Machinery,-0.20585033003542894,-0.5914792982542718,0.5550408812832558,-0.03982230276788097,0.020958553524426653
DECK,Consumer Cyclical,Footwear & Accessories,-0.034305643448579864,-0.2969602143271029,-0.023961251239812752,-0.24610806958635614,0.020958553524426653
DFS,Financial Services,Credit Services,0.20258939993325906,-1.1587012376695602,0.8902526422176638,2.023035365416869,0.020958553524426653
DG,Consumer Defensive,Discount Stores,-0.5979524708053692,-0.41694947074187544,-0.11538264058556062,-0.5555367198140684,0.020958553524426653
DGX,Healthcare,Diagnostics & Research,-0.009799259650458816,-1.1587012376695602,1.2559381996006542,0.7337493228014002,1.5060217746837963
DHI,Consumer Cyclical,Residential Construction,-0.04247443804795374,0.717494408088701,-0.6943847731086289,-0.45239383640483083,0.020958553524426653
DHR,Healthcare,Diagnostics & Research,-1.5291950551339781,-0.8750902679619161,-1.151491719837367,-0.658679603223306,0.020958553524426653
DIS,Communication Services,Entertainment,-0.9083666655815724,-1.1805174661086097,0.00651254520876969,0.06332058064135661,0.020958553524426653
DLR,Real Estate,REIT - Specialty,-1.4148319307427455,-0.5696630698152223,-1.8828628346033485,0.21803490575521275,0.020958553524426653
DLTR,Consumer Defensive,Discount Stores,-0.1895127408366812,-0.4605819276199746,1.1645168102549068,-1.3291083453833497,0.020958553524426653
DOC,Real Estate,REIT - Healthcare Facilities,-0.034305643448579864,-0.2969602143271029,-0.023961251239812752,-0.24610806958635614,0.020958553524426653
DOV,Industrials,Specialty Industrial Machinery,0.7580674326906746,0.5647808090153543,1.073095420909159,-0.607108161518687,-1.464104667634943
DOW,Basic Materials,Chemicals,-0.034305643448579864,-0.2969602143271029,-0.023961251239812752,-0.24610806958635614,0.020958553524426653
DPZ,Consumer Cyclical,Restaurants,1.2972078762493429,1.1320027484306425,0.981674031563411,-0.14296518617711856,0.020958553524426653
DRI,Consumer Cyclical,Restaurants,1.0194688598706352,0.5429645805763049,1.8349403321237228,-1.0196796951556373,0.020958553524426653
DTE,Utilities,Utilities - Regulated Electric,1.395233411441828,2.091916799748823,0.3112505096945952,-0.9681082534510183,0.020958553524426653
DUK,Utilities,Utilities - Regulated Electric,0.9377809138768975,1.3283488043820886,0.5245670848346728,-0.9165368117463997,0.020958553524426653
DVA,Healthcare,Medical Care Facilities,0.2189269891320068,-1.1587012376695602,1.5606761640864797,0.9400350896198754,0.020958553524426653
DVN,Energy,Oil & Gas E&P,2.0487369793917285,2.6809549676031605,-0.11538264058556062,0.47589211427830647,0.020958553524426653
DXCM,Healthcare,Medical Devices,0.44765323791447187,-0.02425735883898355,0.4940932883860904,0.7853207645060187,-1.464104667634943
EA,Communication Services,Electronic Gaming & Multimedia,-1.3004688063515126,-1.1587012376695602,-0.1763302334827255,-0.9681082534510183,0.020958553524426653
EBAY,Consumer Cyclical,Internet Retail,-0.5979524708053692,-0.5914792982542718,-0.38964680862280343,0.32117778916445033,0.020958553524426653
ECL,Basic Materials,Specialty Chemicals,-0.2221879192341767,0.6738619512106021,-0.8772275518001243,-0.658679603223306,0.020958553524426653
ED,Utilities,Utilities - Regulated Electric,0.41497805951697697,0.32480229618580936,0.5855146777318383,-0.24610806958635614,1.5060217746837963
EFX,Industrials,Consulting Services,0.3169525243244916,-1.1587012376695602,2.231099685955296,0.11489202234597516,1.5060217746837963
EG,Financial Services,Insurance - Reinsurance,-0.5326021140103794,-0.8750902679619161,-0.6943847731086289,1.7136067151891565,-1.464104667634943
EIX,Utilities,Utilities - Regulated Electric,1.0194688598706352,1.2192676621868408,0.737883659974751,-0.7618224866325436,1.5060217746837963
EL,Consumer Defensive,Household & Personal Products,0.6927170758956847,0.32480229618580936,0.6464622706290032,0.47589211427830647,0.020958553524426653
ELV,Healthcare,Healthcare Plans,-1.6108830011277158,-1.1587012376695602,-0.9077013482487069,-0.658679603223306,0.020958553524426653
EMN,Basic Materials,Specialty Chemicals,0.6600418974981898,1.611959774089733,-0.968648941145872,0.011749138936737588,0.020958553524426653
EMR,Industrials,Specialty Industrial Machinery,1.1665071626593626,0.7393106365277509,1.2559381996006542,0.011749138936737588,-1.464104667634943
ENPH,Technology,Solar,-0.034305643448579864,-0.2969602143271029,-0.023961251239812752,-0.24610806958635614,0.020958553524426653
EOG,Energy,Oil & Gas E&P,2.1140873361867194,3.2263606785793995,-0.6943847731086289,0.3727492308690689,-1.464104667634943
EPAM,Technology,Information Technology Services,-0.034305643448579864,-0.2969602143271029,-0.023961251239812752,-0.24610806958635614,0.020958553524426653
EQIX,Real Estate,REIT - Specialty,-1.2024432711590276,-0.438765699180925,-1.1210179233887847,-0.7618224866325436,-1.464104667634943
EQR,Real Estate,REIT - Residential,-1.5291950551339781,-0.5260306129371232,-1.8523890381547659,-0.24610806958635614,-1.464104667634943
EQT,Energy,Oil & Gas E&P,2.3591511741679323,2.6809549676031605,0.3417243061431776,0.6821778810967817,-1.464104667634943
ES,Utilities,Utilities - Regulated Electric,-0.434576578817894,-0.15515472947328077,-0.11538264058556062,-0.607108161518687,0.020958553524426653
ESS,Real Estate,REIT - Residential,-1.4475071091402405,-0.41694947074187544,-1.8828628346033485,-0.24610806958635614,-1.464104667634943
ETN,Industrials,Specialty Industrial Machinery,-0.5489397032091271,0.01937509803911559,-0.6639109766600465,-0.45239383640483083,-1.464104667634943
ETR,Utilities,Utilities - Regulated Electric,0.8887681462806548,1.8737545153583275,-0.5115419944171338,-0.658679603223306,0.020958553524426653
ETSY,Consumer Cyclical,Internet Retail,-0.034305643448579864,-0.2969602143271029,-0.023961251239812752,-0.24610806958635614,0.020958553524426653
EVRG,Utilities,Utilities - Regulated Electric,-0.034305643448579864,-0.2969602143271029,-0.023961251239812752,-0.24610806958635614,0.020958553524426653
EW,Healthcare,Medical Devices,-0.434576578817894,-0.5478468413761728,-0.26775162282847337,0.527463555982925,-1.464104667634943
EXC,Utilities,Utilities - Regulated Electric,0.26793975672824893,0.43388343838105714,0.03698634165735213,-0.09139374447249954,1.5060217746837963
EXPD,Industrials,Integrated Freight & Logistics,-0.7613283627928444,-0.2642358716685285,-0.42012060507138616,-0.9165368117463997,0.020958553524426653
EXPE,Consumer Cyclical,Travel Services,1.0358064490693828,-0.24241964322947904,1.3168857924978197,1.8167495985983937,0.020958553524426653
EXR,Real Estate,REIT - Industrial,-0.99005461157531,-0.2642358716685285,-1.6085986665661054,0.3727492308690689,-1.464104667634943
F,Consumer Cyclical,Auto Manufacturers,0.1862518107345113,0.43388343838105714,-0.7858061624543765,0.991606531324494,1.5060217746837963
FANG,Energy,Oil & Gas E&P,-0.034305643448579864,-0.2969602143271029,-0.023961251239812752,-0.24610806958635614,0.020958553524426653
FAST,Industrials,Industrial Distribution,0.5620163623057044,0.8483917787229986,-0.20680402993130795,0.2696063474598313,0.020958553524426653
FCX,Basic Materials,Copper,1.6893100170192836,2.157365485065972,0.3112505096945952,-0.09139374447249954,2.991084995843166
FDS,Financial Services,Financial Data & Stock Exchanges,-0.46725175721538953,-0.24241964322947904,-0.054435047688395195,-0.658679603223306,-1.464104667634943
FDX,Industrials,Integrated Freight & Logistics,-0.25486309763167164,0.06300755491721473,-0.1763302334827255,-0.5039652781094499,0.020958553524426653
FE,Utilities,Utilities - Regulated Electric,0.7090546650944325,1.175635205308742,0.00651254520876969,-0.4008223947002123,1.5060217746837963
FFIV,Technology,Software - Infrastructure,-0.6796404167991068,-0.2860521001075782,-0.42012060507138616,-0.607108161518687,-1.464104667634943
FI,Technology,Information Technology Services,-0.2712006868304188,-0.2860521001075782,-0.08490884413697818,0.11489202234597516,0.020958553524426653
FICO,Technology,Software - Application,-0.034305643448579864,-0.2969602143271029,-0.023961251239812752,-0.24610806958635614,0.020958553524426653
FIS,Technology,Information Technology Services,-0.614290060004117,-0.2860521001075782,-0.23727782637989092,-0.7102510449279246,-1.464104667634943
FITB,Financial Services,Banks - Regional,-0.7286531843953495,-0.918722724840015,-0.26775162282847337,0.47589211427830647,0.020958553524426653
FMC,Basic Materials,Agricultural Inputs,1.5422717142305555,1.9610194291145255,-0.023961251239812752,0.47589211427830647,-1.464104667634943
FOX,Communication Services,Entertainment,-0.034305643448579864,-0.2969602143271029,-0.023961251239812752,-0.24610806958635614,0.020958553524426653
FOXA,Communication Services,Entertainment,-0.034305643448579864,-0.2969602143271029,-0.023961251239812752,-0.24610806958635614,0.020958553524426653
FRT,Real Estate,REIT - Retail,-1.4475071091402405,-0.6787442120104701,-1.4257558878746102,-0.4008223947002123,-1.464104667634943
FSLR,Technology,Solar,-0.034305643448579864,-0.2969602143271029,-0.023961251239812752,-0.24610806958635614,0.020958553524426653
FTNT,Technology,Software - Infrastructure,-0.3855638112216519,-0.635111755132371,0.3112505096945952,-0.09139374447249954,-1.464104667634943
FTV,Technology,Scientific & Technical Instruments,2.2121128713792038,2.3318953125783684,1.5302023676378973,-0.9681082534510183,-1.464104667634943
GD,Industrials,Aerospace & Defense,2.2774632281741947,0.8702080071620482,3.023418393618442,0.1664634640505942,1.5060217746837963
GE,Industrials,Aerospace & Defense,3.143355455707813,1.9173869722364265,1.956835517918053,2.229321132235344,1.5060217746837963
GEHC,Healthcare,Health Information Services,-0.034305643448579864,-0.2969602143271029,-0.023961251239812752,-0.24610806958635614,0.020958553524426653
GEN,Technology,Software - Infrastructure,-0.7123155951966024,-0.4605819276199746,-0.23727782637989092,-0.607108161518687,0.020958553524426653
GEV,Utilities,Utilities - Renewable,-0.034305643448579864,-0.2969602143271029,-0.023961251239812752,-0.24610806958635614,0.020958553524426653
GILD,Healthcare,Drug Manufacturers - General,0.28427734592699666,-0.9623551817181142,1.6216237569836451,0.527463555982925,0.020958553524426653
GIS,Consumer Defensive,Packaged Foods,-0.026136848849205987,0.6302294943325032,-0.08490884413697818,-1.277536903678731,0.020958553524426653
GL,Financial Services,Insurance - Life,-0.14049997324043909,-0.8314578110838169,-0.20680402993130795,2.023035365416869,0.020958553524426653
GLW,Technology,Electronic Components,-0.7776659519915922,0.01937509803911559,-1.2733869056316975,-0.24610806958635614,0.020958553524426653
GM,Consumer Cyclical,Auto Manufacturers,1.1828447518581102,0.9574729209182464,0.7683574564233334,0.32117778916445033,2.991084995843166
GNRC,Industrials,Specialty Industrial Machinery,-0.034305643448579864,-0.2969602143271029,-0.023961251239812752,-0.24610806958635614,0.020958553524426653
GOOG,Communication Services,Internet Content & Information,-0.034305643448579864,-0.2969602143271029,-0.023961251239812752,-0.24610806958635614,0.020958553524426653
GOOGL,Communication Services,Internet Content & Information,0.4803284163119668,-0.8314578110838169,0.6769360670775856,2.5387497824630563,2.991084995843166
GPC,Consumer Cyclical,Auto Parts,-1.2351184495565228,-0.15515472947328077,-1.151491719837367,-1.4322512287925873,0.020958553524426653
GPN,Industrials,Specialty Business Services,-0.058812027246701495,-0.37331701386377625,0.5245670848346728,-0.03982230276788097,-1.464104667634943
GRMN,Technology,Scientific & Technical Instruments,-0.09148720564419642,-0.1333385010342313,0.7988312528719159,-1.1743940202694934,-1.464104667634943
GS,Financial Services,Capital Markets,0.6927170758956847,-0.9841714101571636,1.1645168102549068,2.693464107576913,0.020958553524426653
GWW,Industrials,Industrial Distribution,-0.8593538979853298,-0.1987871863513799,-1.029596534043037,-0.3492509529955933,0.020958553524426653
HAL,Energy,Oil & Gas Equipment & Services,0.7090546650944325,0.9574729209182464,-0.023961251239812752,0.1664634640505942,0.020958553524426653
HAS,Consumer Cyclical,Leisure,-2.313399336673859,-1.1805174661086097,-1.8523890381547659,-1.225965461974112,0.020958553524426653
HBAN,Financial Services,Banks - Regional,0.08822627554202654,-0.7441928973276186,0.6769360670775856,1.094749414733731,0.020958553524426653
HCA,Healthcare,Medical Care Facilities,1.231857519454353,-0.3296845569856772,2.6577328362354513,0.32117778916445033,1.5060217746837963
HD,Consumer Cyclical,Home Improvement Retail,-1.4148319307427455,-0.4605819276199746,-1.029596534043037,-1.4322512287925873,0.020958553524426653
HES,Energy,Oil & Gas E&P,1.9343738550004965,2.942749708871755,-0.5420157908657162,0.21803490575521275,0.020958553524426653
HIG,Financial Services,Insurance - Property & Casualty,-0.7613283627928444,-0.7878253542057178,-0.5420157908657162,0.527463555982925,-1.464104667634943
HII,Industrials,Aerospace & Defense,-0.034305643448579864,-0.2969602143271029,-0.023961251239812752,-0.24610806958635614,0.020958553524426653
HLT,Consumer Cyclical,Lodging,-0.5979524708053692,0.15027246867341282,-0.6029633837628813,-1.1228225785648744,0.020958553524426653
HOLX,Healthcare,Medical Instruments & Supplies,0.6110291299019471,-0.17697095791233045,0.9512002351148287,0.9400350896198754,-1.464104667634943
HON,Industrials,Conglomerates,1.199182341056858,1.2192676621868408,0.4940932883860904,0.21803490575521275,1.5060217746837963
HPE,Technology,Communication Equipment,-1.7252461255189484,-0.9841714101571636,-1.4867034807717754,-0.5039652781094499,0.020958553524426653
HPQ,Technology,Computer Hardware,-1.6272205903264632,-1.1587012376695602,-1.18196551628595,-0.24610806958635614,0.020958553524426653
HRL,Consumer Defensive,Packaged Foods,1.4279085898393231,1.7210409162849807,0.5245670848346728,-0.2976795112909747,1.5060217746837963
HSIC,Healthcare,Medical Distribution,-1.2024432711590276,-0.7441928973276186,-0.9991227375944545,-0.14296518617711856,0.020958553524426653
HST,Real Estate,REIT - Hotel & Motel,-1.2841312171527652,-0.4605819276199746,-1.3343344985288625,-0.5555367198140684,-1.464104667634943
HSY,Consumer Defensive,Confectioners,0.7744050218894223,1.110186519991593,0.4331456954889255,-0.7618224866325436,1.5060217746837963
HUBB,Industrials,Electrical Equipment & Parts,-0.2712006868304188,0.04119132647816506,0.03698634165735213,-0.8649653700417808,0.020958553524426653
HUM,Healthcare,Healthcare Plans,0.20258939993325906,-1.1805174661086097,2.352994871749626,-0.45239383640483083,0.020958553524426653
HWM,Industrials,Aerospace & Defense,-0.034305643448579864,-0.2969602143271029,-0.023961251239812752,-0.24610806958635614,0.020958553524426653
IBM,Technology,Information Technology Services,-1.1697680927615328,-0.7878253542057178,-0.8467537553515416,-0.24610806958635614,0.020958553524426653
ICE,Financial Services,Financial Data & Stock Exchanges,-0.23852550843292386,-0.8096415826447673,0.09793393455451756,1.1463208564383505,-1.464104667634943
IDXX,Healthcare,Diagnostics & Research,-0.41823898961914685,-0.6132955266933213,-0.5724895873142989,1.1978922981429692,-1.464104667634943
IEX,Industrials,Specialty Industrial Machinery,1.3135454654480905,1.0665540631134942,1.4387809782921495,-0.658679603223306,0.020958553524426653
IFF,Basic Materials,Specialty Chemicals,0.23526457833075398,1.110186519991593,-1.029596534043037,0.011749138936737588,1.5060217746837963
ILMN,Healthcare,Diagnostics & Research,-0.434576578817894,-1.1587012376695602,0.7988312528719159,0.1664634640505942,1.5060217746837963
INCY,Healthcare,Biotechnology,0.5783539515044521,-0.9405389532790644,2.231099685955296,0.4243206725736879,-1.464104667634943
INTC,Technology,Semiconductors,-0.3855638112216519,-0.11152227259518163,-0.5115419944171338,0.011749138936737588,1.5060217746837963
INTU,Technology,Software - Application,-0.7940035411903399,-0.9623551817181142,0.5245670848346728,-0.9681082534510183,0.020958553524426653
INVH,Real Estate,REIT - Residential,-0.034305643448579864,-0.2969602143271029,-0.023961251239812752,-0.24610806958635614,0.020958553524426653
IP,Consumer Cyclical,Packaging & Containers,0.5293411839082095,2.1137330281878723,-1.3648082949774452,-0.9165368117463997,1.5060217746837963
IPG,Communication Services,Advertising Agencies,-1.7905964823139384,-1.1805174661086097,-1.2124393127345323,-0.658679603223306,-1.464104667634943
IQV,Healthcare,Diagnostics & Research,-0.3528886328241564,-0.8969064964009655,0.4940932883860904,0.32117778916445033,0.020958553524426653
IR,Industrials,Specialty Industrial Machinery,-0.034305643448579864,-0.2969602143271029,-0.023961251239812752,-0.24610806958635614,0.020958553524426653
IRM,Real Estate,REIT - Specialty,-1.1044177359665426,-0.08970604415613216,-1.6085986665661054,-0.4008223947002123,0.020958553524426653
ISRG,Healthcare,Medical Instruments & Supplies,-0.026136848849205987,-0.37331701386377625,0.18935532390026488,0.6306064393921627,-1.464104667634943
IT,Technology,Information Technology Services,-0.3855638112216519,-1.1587012376695602,1.2864119960492366,-0.5039652781094499,-1.464104667634943
ITW,Industrials,Specialty Industrial Machinery,0.6600418974981898,0.3466185246248588,0.8597788457690814,-0.03982230276788097,0.020958553524426653
IVZ,Financial Services,Asset Management,0.25160216752950176,-1.0278038670352627,0.6159884741804207,2.2808925739399624,0.020958553524426653
J,Industrials,Engineering & Construction,0.1862518107345113,-0.02425735883898355,0.7683574564233334,-0.5039652781094499,1.5060217746837963
JBHT,Industrials,Integrated Freight & Logistics,-1.0554049683703,-0.4605819276199746,-0.7248585695572116,-0.8133939283371622,-1.464104667634943
JBL,Technology,Electronic Components,-0.034305643448579864,-0.2969602143271029,-0.023961251239812752,-0.24610806958635614,0.020958553524426653
JCI,Industrials,Building Products & Equipment,-1.12075532516529,-0.1987871863513799,-1.3343344985288625,-0.607108161518687,1.5060217746837963
JKHY,Technology,Information Technology Services,-0.41823898961914685,-0.24241964322947904,-0.08490884413697818,-0.45239383640483083,0.020958553524426653
JNJ,Healthcare,Drug Manufacturers - General,0.44765323791447187,-0.9841714101571636,1.8349403321237228,0.7337493228014002,2.991084995843166
JNPR,Technology,Communication Equipment,-1.0554049683703,-0.7878253542057178,-0.5420157908657162,-0.4008223947002123,-1.464104667634943
JPM,Financial Services,Banks - Diversified,1.3135454654480905,-0.9405389532790644,2.292047278852461,2.641892665872293,1.5060217746837963
K,Consumer Defensive,Packaged Foods,1.1665071626593626,1.1320027484306425,1.347359588946402,-1.1228225785648744,0.020958553524426653
KDP,Consumer Defensive,Beverages - Non-Alcoholic,-0.034305643448579864,-0.2969602143271029,-0.023961251239812752,-0.24610806958635614,0.020958553524426653
KEY,Financial Services,Banks - Regional,0.02287591874703611,-0.8314578110838169,0.06746013810593457,2.126178248826106,-1.464104667634943
KEYS,Technology,Scientific & Technical Instruments,-2.2317113906801214,-0.918722724840015,-2.187600799089174,-0.9681082534510183,-1.464104667634943
KHC,Consumer Defensive,Packaged Foods,2.0323993901929818,1.7646733731630797,1.5606761640864797,-0.19453662788173712,1.5060217746837963
KIM,Real Estate,REIT - Retail,-1.6925709471214532,-0.6787442120104701,-1.9438104275005137,-0.2976795112909747,0.020958553524426653
KLAC,Technology,Semiconductor Equipment & Materials,-0.6633028276003596,0.43388343838105714,-1.18196551628595,-1.0196796951556373,0.020958553524426653
KMB,Consumer Defensive,Household & Personal Products,1.1828447518581102,1.0883702915525437,0.4331456954889255,0.527463555982925,0.020958553524426653
KMI,Energy,Oil & Gas Midstream,-0.36922622202290417,0.6302294943325032,-0.5420157908657162,-1.5869655539064433,0.020958553524426653
KMX,Consumer Cyclical,Auto & Truck Dealerships,-1.4965198767364831,-1.1587012376695602,-0.2982254192770558,-1.3291083453833497,0.020958553524426653
KO,Consumer Defensive,Beverages - Non-Alcoholic,0.055551097144531617,0.390250981502958,0.15888152745168244,-0.8649653700417808,1.5060217746837963
KR,Consumer Defensive,Grocery Stores,0.006538329548288936,0.25935361086866054,0.03698634165735213,-0.5039652781094499,1.5060217746837963
KVUE,Consumer Defensive,Household & Personal Products,-0.034305643448579864,-0.2969602143271029,-0.023961251239812752,-0.24610806958635614,0.020958553524426653
L,Financial Services,Insurance - Property & Casualty,-0.7940035411903399,-1.0496200954743125,-1.4257558878746102,2.5387497824630563,0.020958553524426653
LDOS,Technology,Information Technology Services,-0.5979524708053692,-0.438765699180925,0.00651254520876969,-0.658679603223306,0.020958553524426653
LEN,Consumer Cyclical,Residential Construction,0.6763794866969369,1.2847163475039896,-0.11538264058556062,-0.5039652781094499,0.020958553524426653
LH,Healthcare,Diagnostics & Research,-0.25486309763167164,-1.0932525523524115,1.1340430138063238,0.011749138936737588,0.020958553524426653
LHX,Industrials,Aerospace & Defense,-0.034305643448579864,-0.2969602143271029,-0.023961251239812752,-0.24610806958635614,0.020958553524426653
LIN,Basic Materials,Specialty Chemicals,-0.034305643448579864,-0.2969602143271029,-0.023961251239812752,-0.24610806958635614,0.020958553524426653
LKQ,Consumer Cyclical,Auto Parts,-1.6598957687239584,-0.3515007854247268,-1.5171772772203578,-1.690108437315681,0.020958553524426653
LLY,Healthcare,Drug Manufacturers - General,0.49666600551071455,-0.635111755132371,1.1035692173577414,1.301035181552206,0.020958553524426653
LMT,Industrials,Aerospace & Defense,1.4605837682368181,0.5647808090153543,1.8654141285723052,0.2696063474598313,1.5060217746837963
LNT,Utilities,Utilities - Regulated Electric,0.02287591874703611,0.6738619512106021,-0.7248585695572116,-0.14296518617711856,0.020958553524426653
LOW,Consumer Cyclical,Home Improvement Retail,-1.5455326443327255,-0.4605819276199746,-1.1210179233887847,-1.7416798790202994,0.020958553524426653
LRCX,Technology,Semiconductor Equipment & Materials,-1.2514560387552702,-0.1987871863513799,-1.5171772772203578,-0.7618224866325436,-1.464104667634943
LULU,Consumer Cyclical,Apparel Retail,-0.7123155951966024,-0.8314578110838169,0.2807767132460128,-0.5555367198140684,0.020958553524426653
LUV,Industrials,Airlines,1.5422717142305555,1.2192676621868408,1.4387809782921495,-0.3492509529955933,0.020958553524426653
LVS,Consumer Cyclical,Resorts & Casinos,-0.41823898961914685,-0.6787442120104701,-0.38964680862280343,1.094749414733731,0.020958553524426653
LW,Consumer Defensive,Packaged Foods,-0.034305643448579864,-0.2969602143271029,-0.023961251239812752,-0.24610806958635614,0.020958553524426653
LYB,Basic Materials,Specialty Chemicals,-0.09148720564419642,1.7646733731630797,-2.0961794097434265,-0.7618224866325436,0.020958553524426653
LYV,Communication Services,Entertainment,-0.034305643448579864,-0.2969602143271029,-0.023961251239812752,-0.24610806958635614,0.020958553524426653
MA,Financial Services,Credit Services,-0.6796404167991068,-0.7005604404495195,-0.6943847731086289,0.8884636479152568,2.991084995843166
MAA,Real Estate,REIT - Residential,-1.3331439847490079,-0.3296845569856772,-1.8219152417061835,-0.14296518617711856,-1.464104667634943
MAR,Consumer Cyclical,Lodging,0.02287591874703611,0.6956781796496516,0.06746013810593457,-1.4838226704972057,1.5060217746837963
MAS,Industrials,Building Products & Equipment,0.15357663233701638,0.9356566924791966,-1.029596534043037,0.11489202234597516,-1.464104667634943
MCD,Consumer Cyclical,Restaurants,0.7744050218894223,0.47751589525915605,1.1035692173577414,-0.4008223947002123,1.5060217746837963
MCHP,Technology,Semiconductors,1.7219851954167786,2.157365485065972,0.06746013810593457,0.4243206725736879,-1.464104667634943
MCK,Healthcare,Medical Distribution,-0.99005461157531,-0.8314578110838169,-0.5115419944171338,-0.14296518617711856,1.5060217746837963
MCO,Financial Services,Financial Data & Stock Exchanges,-0.8920290763828247,-0.8314578110838169,-0.8772275518001243,0.7853207645060187,0.020958553524426653
MDLZ,Consumer Defensive,Confectioners,0.12090145393952147,0.390250981502958,0.1284077310031,-0.607108161518687,1.5060217746837963
MDT,Healthcare,Medical Devices,0.25160216752950176,-0.7878253542057178,1.347359588946402,0.527463555982925,1.5060217746837963
MET,Financial Services,Insurance - Life,-0.7940035411903399,-1.0278038670352627,-0.6029633837628813,1.1463208564383505,0.020958553524426653
MGM,Consumer Cyclical,Resorts & Casinos,0.5783539515044521,-0.8969064964009655,1.2254644031520716,2.023035365416869,0.020958553524426653
MHK,Consumer Cyclical,"Furnishings, Fixtures & Appliances",-1.1697680927615328,0.0848237833562642,-1.4562296843231928,-1.225965461974112,0.020958553524426653
MKC,Consumer Defensive,Packaged Foods,0.79074261108817,0.9138404640401471,0.6464622706290032,-0.658679603223306,0.020958553524426653
MKTX,Financial Services,Capital Markets,-0.034305643448579864,-0.2969602143271029,-0.023961251239812752,-0.24610806958635614,0.020958553524426653
MLM,Basic Materials,Building Materials,1.444246179038071,2.4627926832126654,-1.2733869056316975,1.094749414733731,0.020958553524426653
MMC,Financial Services,Insurance Brokers,-0.026136848849205987,-1.1587012376695602,0.7074098635261685,1.6104638317799185,0.020958553524426653
MNST,Consumer Defensive,Beverages - Non-Alcoholic,1.2972078762493429,1.4592461750163859,0.9207264386662463,-0.7618224866325436,0.020958553524426653
MO,Consumer Defensive,Tobacco,1.640297249423041,0.15027246867341282,2.6272590397868694,0.527463555982925,1.5060217746837963
MOH,Healthcare,Healthcare Plans,-0.034305643448579864,-0.2969602143271029,-0.023961251239812752,-0.24610806958635614,0.020958553524426653
MOS,Basic Materials,Agricultural Inputs,1.9997242117954863,1.8519382869192778,0.6464622706290032,1.0431779730291124,0.020958553524426653
MPC,Energy,Oil & Gas Refining & Marketing,1.5095965358330607,2.550057596968864,-0.26775162282847337,-0.658679603223306,1.5060217746837963
MPWR,Technology,Semiconductors,-0.034305643448579864,-0.2969602143271029,-0.023961251239812752,-0.24610806958635614,0.020958553524426653
MRK,Healthcare,Drug Manufacturers - General,0.02287591874703611,-0.7660091257666682,0.4940932883860904,1.1978922981429692,1.5060217746837963
MRNA,Healthcare,Biotechnology,-0.034305643448579864,-0.2969602143271029,-0.023961251239812752,-0.24610806958635614,0.020958553524426653
MRO,Energy,Oil & Gas E&P,2.685902958142883,3.4227067345308457,0.03698634165735213,0.527463555982925,0.020958553524426653
MS,Financial Services,Capital Markets,0.5456787731069572,-0.9405389532790644,1.1949906067034892,2.023035365416869,0.020958553524426653
MSCI,Financial Services,Financial Data & Stock Exchanges,-0.8103411303890871,-0.8314578110838169,-0.6029633837628813,0.5790349976875441,-1.464104667634943
MSFT,Technology,Software - Infrastructure,-1.0063922007740576,-0.8532740395228664,-0.45059440151996855,-0.24610806958635614,1.5060217746837963
MSI,Technology,Communication Equipment,-1.3331439847490079,-0.6787442120104701,-1.18196551628595,-0.4008223947002123,-1.464104667634943
MTB,Financial Services,Banks - Regional,0.8560929678831599,-0.6132955266933213,0.40267189904034306,3.6217500582600497,-1.464104667634943
MTCH,Communication Services,Internet Content & Information,-0.034305643448579864,-0.2969602143271029,-0.023961251239812752,-0.24610806958635614,0.020958553524426653
MTD,Healthcare,Diagnostics & Research,-1.3331439847490079,-0.9623551817181142,-0.481068197968551,-0.9681082534510183,0.020958553524426653
MU,Technology,Semiconductors,-0.4999269356128844,0.390250981502958,-1.0600703304916197,-0.5555367198140684,0.020958553524426653
NCLH,Consumer Cyclical,Travel Services,0.7580674326906746,0.7829430934058499,0.5855146777318383,-0.24610806958635614,0.020958553524426653
NDAQ,Financial Services,Financial Data & Stock Exchanges,-1.3331439847490079,-1.1805174661086097,-1.029596534043037,0.4243206725736879,-1.464104667634943
NDSN,Industrials,Specialty Industrial Machinery,0.5946915407031993,0.6084132658934532,0.7988312528719159,-0.7618224866325436,-1.464104667634943
NEE,Utilities,Utilities - Regulated Electric,0.33329011352323934,0.8702080071620482,-0.20680402993130795,-0.5039652781094499,0.020958553524426653
NEM,Basic Materials,Gold,-0.12416238404169135,0.3684347530639083,-0.23727782637989092,-0.7102510449279246,1.5060217746837963
NFLX,Communication Services,Entertainment,-0.7940035411903399,-1.1587012376695602,-0.5115419944171338,1.2494637398475876,0.020958553524426653
NI,Utilities,Utilities - Regulated Gas,0.7744050218894223,1.4374299465773364,0.06746013810593457,-0.8649653700417808,1.5060217746837963
NKE,Consumer Cyclical,Footwear & Accessories,-0.2712006868304188,-0.5260306129371232,0.3112505096945952,0.06332058064135661,1.5060217746837963
NOC,Industrials,Aerospace & Defense,1.0194688598706352,0.5211483521372552,1.6520975534322275,-0.607108161518687,0.020958553524426653
NOW,Technology,Software - Application,-0.7613283627928444,-0.30786832854662766,-0.9077013482487069,0.011749138936737588,0.020958553524426653
NRG,Utilities,Utilities - Independent Power Producers,1.7546603738142734,2.484608911651715,0.15888152745168244,-0.45239383640483083,0.020958553524426653
NSC,Industrials,Railroads,0.43131564871572414,0.5647808090153543,0.46361949193750795,-0.607108161518687,1.5060217746837963
NTAP,Technology,Computer Hardware,-0.9573794331778148,-0.7005604404495195,-0.38964680862280343,-0.5555367198140684,-1.464104667634943
NTRS,Financial Services,Asset Management,0.43131564871572414,-0.7660091257666682,0.8597788457690814,1.8683210403030122,0.020958553524426653
NUE,Basic Materials,Steel,1.8853610874042532,0.8483917787229986,1.743518942777975,1.1463208564383505,0.020958553524426653
NVDA,Technology,Semiconductors,-1.2514560387552702,-0.6787442120104701,-1.2429131091831147,-0.14296518617711856,0.020958553524426653
NVR,Consumer Cyclical,Residential Construction,-0.15683756243918626,0.390250981502958,-0.359173012174221,-0.7102510449279246,-1.464104667634943
NWS,Communication Services,Entertainment,-0.034305643448579864,-0.2969602143271029,-0.023961251239812752,-0.24610806958635614,0.020958553524426653
NWSA,Communication Services,Entertainment,-1.5945454119289681,-1.1805174661086097,-1.30386070208028,0.06332058064135661,0.020958553524426653
NXPI,Technology,Semiconductors,-0.23852550843292386,0.6956781796496516,-1.090544126940202,-0.4008223947002123,-1.464104667634943
O,Real Estate,REIT - Retail,-0.9410418439790674,-0.2206034147904294,-1.1210179233887847,-0.45239383640483083,0.020958553524426653
ODFL,Industrials,Trucking,-0.034305643448579864,-0.2969602143271029,-0.023961251239812752,-0.24610806958635614,0.020958553524426653
OKE,Energy,Oil & Gas Midstream,0.6273667191006949,1.175635205308742,0.6159884741804207,-1.690108437315681,-1.464104667634943
OMC,Communication Services,Advertising Agencies,-0.8103411303890871,-1.1587012376695602,0.09793393455451756,0.1664634640505942,-1.464104667634943
ON,Technology,Semiconductors,0.1862518107345113,1.3937974896992373,-0.9991227375944545,-0.8649653700417808,-1.464104667634943
ORCL,Technology,Software - Infrastructure,-1.2024432711590276,-1.071436323913362,-0.359173012174221,-0.5039652781094499,0.020958553524426653
ORLY,Consumer Cyclical,Specialty Retail,-1.4965198767364831,-1.1587012376695602,-0.26775162282847337,-1.4322512287925873,-1.464104667634943
OTIS,Industrials,Specialty Industrial Machinery,-0.034305643448579864,-0.2969602143271029,-0.023961251239812752,-0.24610806958635614,0.020958553524426653
PANW,Technology,Software - Infrastructure,-1.2024432711590276,-1.0278038670352627,-0.42012060507138616,-0.5039652781094499,-1.464104667634943
PARA,Communication Services,Entertainment,-1.022729789972805,-1.1587012376695602,-0.45059440151996855,0.4243206725736879,1.5060217746837963
PAYC,Technology,Software - Application,-0.034305643448579864,-0.2969602143271029,-0.023961251239812752,-0.24610806958635614,0.020958553524426653
PAYX,Industrials,Staffing & Employment Services,-0.7449907735940973,-0.48239815605902403,-0.5420157908657162,-0.09139374447249954,-1.464104667634943
PCAR,Industrials,Farm & Heavy Construction Machinery,1.0358064490693828,0.6520457227715526,0.6159884741804207,0.8884636479152568,1.5060217746837963
PCG,Utilities,Utilities - Regulated Electric,1.493258946634313,0.9138404640401471,1.956835517918053,-0.607108161518687,2.991084995843166
PEG,Utilities,Utilities - Regulated Electric,0.9704560922743924,1.5465110887725841,0.09793393455451756,-0.5555367198140684,0.020958553524426653
PEP,Consumer Defensive,Beverages - Non-Alcoholic,0.1372390431382692,0.41206720994200746,0.18935532390026488,-0.7102510449279246,1.5060217746837963
PFE,Healthcare,Drug Manufacturers - General,0.5456787731069572,-0.7223766688885691,1.1949906067034892,1.5588923900753,1.5060217746837963
PFG,Financial Services,Asset Management,-1.1534305035627852,-1.0059876385962132,-0.968648941145872,0.527463555982925,-1.464104667634943
PG,Consumer Defensive,Household & Personal Products,1.199182341056858,0.9138404640401471,0.981674031563411,0.06332058064135661,1.5060217746837963
PGR,Financial Services,Insurance - Property & Casualty,-0.20585033003542894,-0.8532740395228664,-0.14585643703414305,1.8167495985983937,0.020958553524426653
PH,Industrials,Specialty Industrial Machinery,1.3462206438455855,0.8920242356010976,1.4692547747407323,-0.19453662788173712,0.020958553524426653
PHM,Consumer Cyclical,Residential Construction,0.02287591874703611,0.8265755502839488,-0.5115419944171338,-0.8649653700417808,0.020958553524426653
PKG,Consumer Cyclical,Packaging & Containers,-0.434576578817894,1.8737545153583275,-2.4009173742292518,-1.5353941122018244,-1.464104667634943
PLD,Real Estate,REIT - Industrial,-1.7905964823139384,-0.5914792982542718,-1.974284223949096,-0.8133939283371622,-1.464104667634943
PM,Consumer Defensive,Tobacco,1.1828447518581102,-0.438765699180925,1.3778333853949845,2.5387497824630563,1.5060217746837963
PNC,Financial Services,Banks - Regional,0.79074261108817,-0.7660091257666682,1.3168857924978197,2.1777496905307254,1.5060217746837963
PNR,Industrials,Specialty Industrial Machinery,0.1372390431382692,0.12845624023436333,0.3112505096945952,-0.24610806958635614,-1.464104667634943
PNW,Utilities,Utilities - Regulated Electric,1.5586093034293034,2.0264681144316743,0.37219810259176006,-0.4008223947002123,-1.464104667634943
PODD,Healthcare,Medical Devices,-0.034305643448579864,-0.2969602143271029,-0.023961251239812752,-0.24610806958635614,0.020958553524426653
POOL,Industrials,Industrial Distribution,-0.034305643448579864,-0.2969602143271029,-0.023961251239812752,-0.24610806958635614,0.020958553524426653
PPG,Basic Materials,Specialty Chemicals,0.643704308299442,1.2192676621868408,-0.38964680862280343,-0.03982230276788097,0.020958553524426653
PPL,Utilities,Utilities - Regulated Electric,1.640297249423041,2.550057596968864,-0.023961251239812752,-0.658679603223306,0.020958553524426653
PRU,Financial Services,Insurance - Life,-0.2221879192341767,-1.0496200954743125,0.3112505096945952,1.4041780649614442,-1.464104667634943
PSA,Real Estate,REIT - Industrial,-1.3331439847490079,-0.15515472947328077,-1.9438104275005137,-0.45239383640483083,-1.464104667634943
PSX,Energy,Oil & Gas Refining & Marketing,2.310138406571689,3.357258049213697,-0.054435047688395195,-0.4008223947002123,1.5060217746837963
PTC,Technology,Software - Application,-0.3855638112216519,-0.11152227259518163,-0.11538264058556062,-0.607108161518687,0.020958553524426653
PWR,Industrials,Engineering & Construction,2.555202244552902,1.4592461750163859,2.0482569072638004,1.2494637398475876,0.020958553524426653
PYPL,Financial Services,Credit Services,-0.5652772924078743,-0.5696630698152223,0.06746013810593457,-0.4008223947002123,0.020958553524426653
QCOM,Technology,Semiconductors,-0.9573794331778148,-0.02425735883898355,-1.3648082949774452,-0.5039652781094499,1.5060217746837963
QRVO,Technology,Semiconductors,1.1828447518581102,1.5028786318944851,-0.14585643703414305,0.5790349976875441,0.020958553524426653
RCL,Consumer Cyclical,Travel Services,-0.09148720564419642,0.5865970374544038,-0.38964680862280343,-0.8649653700417808,1.5060217746837963
REG,Real Estate,REIT - Retail,-1.5618702335314734,-0.37331701386377625,-1.7609676488090182,-0.9165368117463997,0.020958553524426653
REGN,Healthcare,Biotechnology,-0.5326021140103794,-1.115068780791461,0.6159884741804207,0.06332058064135661,0.020958553524426653
RF,Financial Services,Banks - Regional,-0.7123155951966024,-0.7878253542057178,-0.6943847731086289,0.9400350896198754,0.020958553524426653
RHI,Industrials,Staffing & Employment Services,-1.6925709471214532,-1.1587012376695602,-0.481068197968551,-1.638536995611062,-1.464104667634943
RJF,Financial Services,Capital Markets,0.9377809138768975,-0.6787442120104701,0.6769360670775856,3.5186071748508128,0.020958553524426653
RL,Consumer Cyclical,Apparel Manufacturing,-1.0880801467677952,-0.918722724840015,-0.359173012174221,-0.5039652781094499,0.020958553524426653
RMD,Healthcare,Medical Instruments & Supplies,0.8397553786844122,-0.41694947074187544,1.0426216244605766,1.9714639237122502,-1.464104667634943
ROK,Industrials,Specialty Industrial Machinery,-0.581614881606622,-0.002441130399933883,-0.7248585695572116,-0.45239383640483083,0.020958553524426653
ROL,Consumer Cyclical,Personal Services,-0.3202134544266615,-0.7878253542057178,0.4940932883860904,0.1664634640505942,-1.464104667634943
ROP,Technology,Software - Application,-0.14049997324043909,-0.15515472947328077,0.21982912034884733,-0.24610806958635614,0.020958553524426653
ROST,Consumer Cyclical,Apparel Retail,-0.4999269356128844,-0.7878253542057178,0.5550408812832558,-0.45239383640483083,0.020958553524426653
RSG,Industrials,Waste Management,-0.058812027246701495,1.2629001190649398,-0.9077013482487069,-1.4838226704972057,1.5060217746837963
RTX,Industrials,Aerospace & Defense,-0.034305643448579864,-0.2969602143271029,-0.023961251239812752,-0.24610806958635614,0.020958553524426653
RVTY,Healthcare,Diagnostics & Research,-0.7449907735940973,-1.0059876385962132,0.3417243061431776,-0.4008223947002123,0.020958553524426653
SBAC,Real Estate,REIT - Specialty,-1.5782078227302208,-0.5042143844980735,-1.7609676488090182,-0.7102510449279246,0.020958553524426653
SBUX,Consumer Cyclical,Restaurants,0.5620163623057044,0.0848237833562642,1.7130451463293925,-1.1743940202694934,1.5060217746837963
SCHW,Financial Services,Capital Markets,0.33329011352323934,-0.6569279835714205,-0.023961251239812752,2.7450355492815315,0.020958553524426653
SHW,Basic Materials,Specialty Chemicals,1.3298830546468379,1.9392032006754762,0.06746013810593457,-0.4008223947002123,0.020958553524426653
SJM,Consumer Defensive,Packaged Foods,1.5095965358330607,1.6337760025287824,0.9207264386662463,-0.5039652781094499,0.020958553524426653
SLB,Energy,Oil & Gas Equipment & Services,-0.15683756243918626,0.5865970374544038,-0.8162799589029592,-0.3492509529955933,-1.464104667634943
SMCI,Technology,Computer Hardware,-0.034305643448579864,-0.2969602143271029,-0.023961251239812752,-0.24610806958635614,0.020958553524426653
SNA,Industrials,Tools & Accessories,1.5095965358330607,0.7829430934058499,1.4997285711893147,0.527463555982925,0.020958553524426653
SNPS,Technology,Software - Infrastructure,-1.12075532516529,-0.4605819276199746,-0.6334371802114638,-1.225965461974112,0.020958553524426653
SO,Utilities,Utilities - Regulated Electric,1.9180362658017487,2.0264681144316743,0.6159884741804207,0.3727492308690689,0.020958553524426653
SOLV,Healthcare,Health Information Services,-0.034305643448579864,-0.2969602143271029,-0.023961251239812752,-0.24610806958635614,0.020958553524426653
SPG,Real Estate,REIT - Retail,-1.1861056819602802,-0.3515007854247268,-1.5171772772203578,-0.19453662788173712,-1.464104667634943
SPGI,Financial Services,Financial Data & Stock Exchanges,-1.3494815739477555,-1.1805174661086097,-0.8467537553515416,0.11489202234597516,-1.464104667634943
SRE,Utilities,Utilities - Diversified,0.382302881119482,1.1974514337477913,-0.359173012174221,-0.8649653700417808,0.020958553524426653
STE,Healthcare,Medical Devices,-0.034305643448579864,-0.2969602143271029,-0.023961251239812752,-0.24610806958635614,0.020958553524426653
STLD,Basic Materials,Steel,1.9180362658017487,1.1320027484306425,1.6520975534322275,0.7853207645060187,-1.464104667634943
STT,Financial Services,Asset Management,0.46399082711321965,-0.8314578110838169,1.1949906067034892,1.5073209483706813,-1.464104667634943
STX,Technology,Computer Hardware,-1.7252461255189484,-0.8314578110838169,-1.578124870117523,-0.658679603223306,-1.464104667634943
STZ,Consumer Defensive,Beverages - Wineries & Distilleries,0.5620163623057044,0.8702080071620482,0.3112505096945952,-0.7102510449279246,0.020958553524426653
SWK,Industrials,Tools & Accessories,0.6600418974981898,-0.08970604415613216,1.073095420909159,0.6306064393921627,0.020958553524426653
SWKS,Technology,Semiconductors,1.1011568058643728,1.3937974896992373,-0.023961251239812752,0.32117778916445033,-1.464104667634943
SYF,Financial Services,Credit Services,-0.6469652384016119,-1.1587012376695602,0.2807767132460128,0.3727492308690689,0.020958553524426653
SYK,Healthcare,Medical Devices,1.1501695734606154,-0.30786832854662766,1.2864119960492366,2.2808925739399624,0.020958553524426653
SYY,Consumer Defensive,Food Distribution,-0.8756914871840772,-0.002441130399933883,-0.8772275518001243,-1.071251136860256,0.020958553524426653
T,Communication Services,Telecom Services,0.43131564871572414,-0.4605819276199746,1.4997285711893147,0.06332058064135661,1.5060217746837963
TAP,Consumer Defensive,Beverages - Brewers,0.02287591874703611,0.41206720994200746,-0.11538264058556062,-0.5555367198140684,0.020958553524426653
TDG,Industrials,Aerospace & Defense,2.849278850130358,1.4374299465773364,2.6577328362354513,1.2494637398475876,0.020958553524426653
TDY,Technology,Scientific & Technical Instruments,-0.034305643448579864,-0.2969602143271029,-0.023961251239812752,-0.24610806958635614,0.020958553524426653
TECH,Healthcare,Biotechnology,-0.034305643448579864,-0.2969602143271029,-0.023961251239812752,-0.24610806958635614,0.020958553524426653
TEL,Technology,Electronic Components,-1.0554049683703,0.0848237833562642,-1.3952820914260275,-1.0196796951556373,0.020958553524426653
TER,Technology,Semiconductor Equipment & Materials,-0.6959780059978545,0.3684347530639083,-1.2429131091831147,-0.8133939283371622,0.020958553524426653
TFC,Financial Services,Banks - Regional,-0.034305643448579864,-0.2969602143271029,-0.023961251239812752,-0.24610806958635614,0.020958553524426653
TFX,Healthcare,Medical Instruments & Supplies,1.3625582330443333,-0.1333385010342313,2.1701520930581313,1.094749414733731,0.020958553524426653
TGT,Consumer Defensive,Discount Stores,-1.12075532516529,-0.7660091257666682,-0.42012060507138616,-0.8649653700417808,1.5060217746837963
TJX,Consumer Cyclical,Apparel Retail,-1.12075532516529,-0.7660091257666682,-0.38964680862280343,-0.9165368117463997,0.020958553524426653
TMO,Healthcare,Diagnostics & Research,-1.3821567523452503,-0.8750902679619161,-1.2429131091831147,-0.03982230276788097,1.5060217746837963
TMUS,Communication Services,Telecom Services,0.5456787731069572,-0.2642358716685285,1.347359588946402,0.2696063474598313,1.5060217746837963
TPR,Consumer Cyclical,Luxury Goods,-1.0554049683703,-0.9405389532790644,-0.11538264058556062,-0.7102510449279246,0.020958553524426653
TRGP,Energy,Oil & Gas Midstream,1.9507114441992441,1.9173869722364265,1.7739927392265578,-1.225965461974112,0.020958553524426653
TRMB,Technology,Scientific & Technical Instruments,-1.4475071091402405,-0.3515007854247268,-1.700020055911853,-0.7102510449279246,0.020958553524426653
TROW,Financial Services,Asset Management,-0.7123155951966024,-0.6569279835714205,-0.023961251239812752,-0.5039652781094499,-1.464104667634943
TRV,Financial Services,Insurance - Property & Casualty,-0.15683756243918626,-0.9623551817181142,0.09793393455451756,1.765178156893775,-1.464104667634943
TSCO,Consumer Cyclical,Specialty Retail,-0.8430163087865821,-0.438765699180925,-0.23727782637989092,-1.071251136860256,0.020958553524426653
TSLA,Consumer Cyclical,Auto Manufacturers,0.643704308299442,-0.4605819276199746,1.5606761640864797,0.6306064393921627,1.5060217746837963
TSN,Consumer Defensive,Farm Products,2.3918263525654266,1.8737545153583275,1.0426216244605766,1.5073209483706813,2.991084995843166
TT,Industrials,Building Products & Equipment,-0.99005461157531,-0.2206034147904294,-0.9991227375944545,-0.7618224866325436,0.020958553524426653
TTWO,Communication Services,Electronic Gaming & Multimedia,-0.034305643448579864,-0.2969602143271029,-0.023961251239812752,-0.24610806958635614,0.020958553524426653
TXN,Technology,Semiconductors,-0.10782479484294359,0.5211483521372552,-0.9077013482487069,0.1664634640505942,0.020958553524426653
TXT,Industrials,Aerospace & Defense,2.016061800994234,1.1974514337477913,2.1701520930581313,0.011749138936737588,0.020958553524426653
TYL,Technology,Software - Application,-0.034305643448579864,-0.2969602143271029,-0.023961251239812752,-0.24610806958635614,0.020958553524426653
UAL,Industrials,Airlines,1.199182341056858,1.175635205308742,1.1645168102549068,-0.8133939283371622,0.020958553524426653
UBER,Technology,Software - Application,-0.034305643448579864,-0.2969602143271029,-0.023961251239812752,-0.24610806958635614,0.020958553524426653
UDR,Real Estate,REIT - Residential,-1.2024432711590276,-0.37331701386377625,-1.5476510736689404,-0.14296518617711856,-1.464104667634943
UHS,Healthcare,Medical Care Facilities,1.9180362658017487,-0.37331701386377625,3.571946729692928,1.0431779730291124,1.5060217746837963
ULTA,Consumer Cyclical,Specialty Retail,-0.9247042547803199,-0.2860521001075782,-0.5115419944171338,-1.1743940202694934,0.020958553524426653
UNH,Healthcare,Healthcare Plans,-0.9737170223765623,-1.1805174661086097,0.21982912034884733,-0.5039652781094499,1.5060217746837963
UNP,Industrials,Railroads,0.3659652919207343,0.41206720994200746,0.4940932883860904,-0.5039652781094499,0.020958553524426653
UPS,Industrials,Integrated Freight & Logistics,-0.434576578817894,-0.2642358716685285,-0.023961251239812752,-0.5555367198140684,0.020958553524426653
URI,Industrials,Rental & Leasing Services,-0.7123155951966024,-0.02425735883898355,-0.8772275518001243,-0.607108161518687,-1.464104667634943
USB,Financial Services,Banks - Regional,1.4769213574355657,-0.7878253542057178,1.9873093143666354,3.3123214080323375,1.5060217746837963
V,Financial Services,Credit Services,-0.7449907735940973,-0.7878253542057178,-0.23727782637989092,0.06332058064135661,1.5060217746837963
VICI,Real Estate,REIT - Diversified,-0.034305643448579864,-0.2969602143271029,-0.023961251239812752,-0.24610806958635614,0.020958553524426653
VLO,Energy,Oil & Gas Refining & Marketing,1.852685909006759,3.2045444501403506,-0.481068197968551,-0.8133939283371622,0.020958553524426653
VLTO,Industrials,Pollution & Treatment Controls,-0.034305643448579864,-0.2969602143271029,-0.023961251239812752,-0.24610806958635614,0.020958553524426653
VMC,Basic Materials,Building Materials,1.3135454654480905,1.7428571447240302,-0.6639109766600465,1.301035181552206,0.020958553524426653
VRSK,Industrials,Consulting Services,-0.614290060004117,-1.1587012376695602,1.073095420909159,-0.8133939283371622,-1.464104667634943
VRSN,Technology,Software - Infrastructure,0.006538329548288936,-0.15515472947328077,0.5550408812832558,-0.4008223947002123,-1.464104667634943
VRTX,Healthcare,Biotechnology,0.23526457833075398,-1.0059876385962132,1.956835517918053,0.011749138936737588,0.020958553524426653
VST,Utilities,Utilities - Independent Power Producers,-0.034305643448579864,-0.2969602143271029,-0.023961251239812752,-0.24610806958635614,0.020958553524426653
VTR,Real Estate,REIT - Healthcare Facilities,-1.3658191631465029,-0.438765699180925,-1.5476510736689404,-0.5039652781094499,0.020958553524426653
VTRS,Healthcare,Drug Manufacturers - Specialty & Generic,-0.034305643448579864,-0.2969602143271029,-0.023961251239812752,-0.24610806958635614,0.020958553524426653
VZ,Communication Services,Telecom Services,-0.41823898961914685,-0.37331701386377625,0.18935532390026488,-0.607108161518687,1.5060217746837963
WAB,Industrials,Railroads,0.33329011352323934,-0.002441130399933883,0.9207264386662463,-0.2976795112909747,0.020958553524426653
WAT,Healthcare,Diagnostics & Research,-1.0880801467677952,-0.8750902679619161,-0.23727782637989092,-0.7618224866325436,0.020958553524426653
WBA,Healthcare,Pharmaceutical Retailers,-0.8103411303890871,-0.7878253542057178,0.09793393455451756,-0.7102510449279246,1.5060217746837963
WBD,Communication Services,Entertainment,-0.034305643448579864,-0.2969602143271029,-0.023961251239812752,-0.24610806958635614,0.020958553524426653
WDC,Technology,Computer Hardware,-1.6108830011277158,-0.8532740395228664,-1.5476510736689404,-0.24610806958635614,0.020958553524426653
WEC,Utilities,Utilities - Regulated Electric,1.0194688598706352,1.7428571447240302,0.00651254520876969,-0.7618224866325436,-1.464104667634943
WELL,Real Estate,REIT - Healthcare Facilities,-1.3168063955502605,-0.2642358716685285,-1.6695462594632706,-0.5555367198140684,-1.464104667634943
WM,Industrials,Waste Management,-0.7613283627928444,0.5865970374544038,-1.151491719837367,-1.690108437315681,0.020958553524426653
WMB,Energy,Oil & Gas Midstream,0.08822627554202654,0.717494408088701,0.3417243061431776,-1.844822762429537,0.020958553524426653
WMT,Consumer Defensive,Discount Stores,0.6600418974981898,0.10664001179531386,1.0426216244605766,0.2696063474598313,1.5060217746837963
WRB,Financial Services,Insurance - Property & Casualty,0.08822627554202654,-0.7441928973276186,-0.32869921572563826,2.7450355492815315,-1.464104667634943
WRK,Consumer Cyclical,Packaging & Containers,-0.034305643448579864,-0.2969602143271029,-0.023961251239812752,-0.24610806958635614,0.020958553524426653
WST,Healthcare,Medical Instruments & Supplies,-0.034305643448579864,-0.2969602143271029,-0.023961251239812752,-0.24610806958635614,0.020958553524426653
WTW,Financial Services,Insurance Brokers,-0.41823898961914685,-1.1587012376695602,-0.359173012174221,2.1777496905307254,0.020958553524426653
WY,Real Estate,REIT - Specialty,-0.7449907735940973,0.8047593218448993,-1.4562296843231928,-1.5869655539064433,0.020958553524426653
WYNN,Consumer Cyclical,Resorts & Casinos,0.7253922542931797,-0.438765699180925,0.8597788457690814,2.074606807121487,0.020958553524426653
XEL,Utilities,Utilities - Regulated Electric,0.8560929678831599,1.590143545650683,0.09793393455451756,-1.071251136860256,0.020958553524426653
XYL,Industrials,Specialty Industrial Machinery,-0.5162645248116317,-0.24241964322947904,-0.08490884413697818,-0.7102510449279246,-1.464104667634943
YUM,Consumer Cyclical,Restaurants,-0.1895127408366812,-0.1987871863513799,0.737883659974751,-1.277536903678731,0.020958553524426653
ZBH,Healthcare,Medical Devices,0.7744050218894223,-0.39513324230282587,1.68257134988081,0.6821778810967817,0.020958553524426653
ZBRA,Technology,Communication Equipment,-0.034305643448579864,-0.2969602143271029,-0.023961251239812752,-0.24610806958635614,0.020958553524426653
ZTS,Healthcare,Drug Manufacturers - Specialty & Generic,-0.40190140042039907,-0.48239815605902403,-0.6639109766600465,1.094749414733731,0.020958553524426653
